file, Mean F0 (Hz),Start F0 (Hz),End F0 (Hz),Max F0 (Hz),Min F0 (Hz),Range F0 (Hz),Time max F0 (%),F0 Abs Slope,F0 var (Hz/s),FM Rate (s-1),FM Extent (Hz),Q25% (Hz),Q50% (Hz),Q75% (Hz),Fpeak (Hz),Sound duration (s), AM var (dB/s), AM rate (s-1), AM extent (dB),Harmonicity, F1 mean (Hz),F2 mean (Hz),F3 mean (Hz),F4 mean (Hz),F5 mean (Hz),F6 mean (Hz),formant dispersal (Hz),vocal tract length (cm),mean wiener entropy,Comment,Column1
HFC_1.wav,90.206,96.61,100.39,100.393,75.661,24.732,97.703,64.29,29.956,0.714,41.93861867301773,281.252,570.064,3194.093,328.465,1.4,49.912,12.143,4.11,10.14,326.099,1071.761,1695.928,2272.477,3005.526,3485.562,631.893,27.695,-2.929,,
HFC_10.wav,84.192,98.66,89.29,102.928,75.828,27.1,50.174,134.304,77.124,2.693,28.637032690100767,196.488,243.867,330.671,225.634,0.928,47.22,5.386,8.767,18.58,285.318,957.456,1667.897,2235.855,2937.463,3337.839,610.504,28.665,0.147,,
HFC_11.wav,97.78,98.66,90.82,105.279,90.751,14.528,30.577,42.553,41.363,1.664,24.86322680555493,289.69,310.031,381.647,290.116,1.202,48.971,11.229,4.361,17.37,317.107,1086.528,1666.528,2317.068,2822.15,3437.457,624.07,28.042,-0.207,,
HFC_12.wav,94.396,104.82,91.72,108.272,79.115,29.157,10.198,73.832,71.438,4.769,14.978496189202243,272.923,319.957,597.501,286.226,0.944,87.296,10.599,8.237,10.79,313.19,1098.639,1680.992,2233.597,3006.801,3443.668,626.096,27.951,-0.259,,
HFC_13.wav,89.008,105.88,89.88,107.54,71.414,36.126,2.972,64.394,63.286,4.602,13.750476012059274,283.39,420.571,2048.579,298.813,1.955,81.094,12.529,6.473,8.46,334.313,1096.32,1717.474,2284.333,2927.238,3461.142,625.366,27.984,-2.395,,
HFC_14.wav,83.969,77.43,106.1,106.103,74.548,31.555,95.953,100.436,68.285,3.676,18.574696325191464,219.546,300.464,619.81,228.946,1.088,49.065,6.893,7.118,20.35,286.016,953.529,1653.913,2179.006,2915.428,3365.858,615.968,28.411,-0.962,,
HFC_15.wav,91.634,99.16,93.77,99.161,78.241,20.92,2.056,50.484,48.247,2.816,17.131343539359406,18.185,246.51,849.343,298.943,1.065,74.819,7.979,9.376,8.97,348.534,1215.441,1630.548,2235.536,2913.385,3418.938,614.081,28.498,-1.152,,
HFC_16.wav,93.34,82.9,91.54,102.392,80.827,21.565,67.279,57.61,8.846,0.0,--undefined--,285.813,316.614,410.419,301.279,1.963,62.758,8.405,7.467,20.31,298.715,1168.524,1748.425,2308.275,2932.385,3468.485,633.954,27.605,0.086,,
HFC_17.wav,90.909,88.41,74.34,108.129,74.34,33.788,91.625,111.123,83.049,3.881,21.40067336895663,310.089,462.686,990.49,321.964,1.933,50.75,13.97,3.633,7.93,394.443,1011.09,1610.461,2202.09,2796.43,3350.953,591.302,29.596,-1.445,,
HFC_18.wav,85.534,91.03,76.08,100.481,73.062,27.418,80.517,77.534,69.166,1.051,65.78496379153003,288.424,329.281,518.179,309.446,0.951,85.473,8.937,9.564,13.8,318.569,1163.993,1607.405,2318.807,2973.417,3469.96,630.278,27.766,-0.212,,
HFC_19.wav,88.298,81.24,104.74,106.196,73.192,33.004,88.277,58.402,46.858,2.682,17.47040443121867,301.373,360.582,1208.864,308.511,1.119,58.702,12.964,4.528,10.05,315.452,1192.545,1676.047,2210.447,2903.443,3393.528,615.615,28.427,-1.955,,
HFC_2.wav,90.084,82.61,86.28,107.007,80.76,26.247,31.934,85.257,67.216,2.398,28.026375886321677,278.807,337.454,393.033,332.967,1.042,33.681,1.439,23.406,25.38,311.573,921.804,1604.103,1999.743,2753.771,3311.325,599.95,29.169,-0.602,,
HFC_20.wav,96.729,104.53,89.71,104.527,76.319,28.207,1.017,59.547,58.304,3.37,17.301538731316672,289.195,343.047,912.887,291.762,1.484,61.683,11.121,5.547,12.99,336.75,929.83,1670.951,2232.52,2762.14,3316.801,596.01,29.362,-1.451,,
HFC_21.wav,85.619,84.99,97.44,102.516,76.587,25.929,15.557,72.466,70.169,5.394,13.007996006179404,275.201,410.204,1107.407,337.391,1.02,29.514,5.394,5.471,16.77,343.59,1029.012,1558.497,2056.814,2829.682,3246.145,580.511,30.146,-1.626,,
HFC_22.wav,88.671,88.74,97.37,97.37,81.867,15.503,92.622,24.714,22.594,4.91,4.602079769442771,270.892,444.192,1203.714,271.227,1.324,32.747,16.617,1.971,5.9,383.623,982.758,1558.022,2044.14,2722.626,3146.964,552.668,31.665,-1.242,,
HFC_23.wav,89.286,77.21,83.98,106.241,77.207,29.034,32.439,81.211,69.866,4.136,16.89284483671353,289.497,389.762,969.979,349.255,1.088,43.105,6.893,6.253,13.28,316.465,998.747,1595.227,2034.025,2756.391,3167.88,570.283,30.687,-1.764,,
HFC_24.wav,90.945,83.29,99.77,99.774,83.287,16.487,98.648,66.41,57.784,4.352,13.278034900393658,292.828,481.87,1177.7,310.715,1.149,36.249,7.398,4.9,13.62,398.074,1009.29,1547.535,2045.285,2748.829,3204.393,561.264,31.18,-1.327,,
HFC_25.wav,86.152,79.1,83.18,104.589,79.097,25.493,24.442,38.307,35.72,3.886,9.191435760711329,248.11,344.846,705.098,312.384,1.415,33.225,9.892,3.359,12.16,336.441,987.933,1449.73,2004.606,2684.967,3160.732,564.858,30.981,-1.023,,
HFC_26.wav,83.378,95.65,81.66,106.354,74.745,31.609,23.023,87.344,82.113,3.167,25.928968248029612,229.582,323.144,471.403,345.026,1.263,35.335,10.292,3.433,14.68,332.027,930.854,1474.254,2050.233,2731.134,3241.738,581.942,30.072,-0.552,,
HFC_27.wav,79.232,88.32,86.73,89.953,72.345,17.608,21.97,55.193,28.029,2.266,12.369638133407719,307.166,446.575,1680.733,303.075,0.883,47.898,5.098,9.395,14.47,339.266,1024.535,1710.547,2175.676,2690.763,3194.835,571.114,30.642,-2.299,,
HFC_28.wav,86.808,72.67,100.43,106.627,72.674,33.953,41.815,94.104,63.11,2.594,24.329646272886436,244.47,340.283,600.436,331.983,1.157,38.487,8.214,4.685,10.2,338.211,1042.735,1549.687,2145.679,2814.293,3225.877,577.533,30.301,-0.69,,
HFC_29.wav,90.453,96.43,98.69,103.086,81.342,21.744,38.573,62.014,50.42,2.754,18.30505954413346,299.779,378.054,1864.093,300.076,1.271,64.148,8.657,7.41,15.17,347.494,961.533,1612.644,2300.281,2926.411,3407.682,612.038,28.593,-2.691,,
HFC_3.wav,87.534,71.91,76.7,106.875,71.907,34.968,37.517,80.744,60.74,2.131,28.499810779378496,214.45,312.659,399.945,223.433,1.408,32.482,6.394,5.08,21.38,292.043,958.768,1538.638,2084.152,2792.579,3267.304,595.052,29.409,-0.388,,
HFC_30.wav,90.543,107.92,82.16,108.006,80.745,27.261,14.623,73.137,54.734,3.313,16.519526714939232,377.116,1198.911,3242.842,248.74,0.905,41.693,7.179,5.808,7.97,383.94,1094.098,1625.78,2214.435,2911.131,3345.199,592.252,29.548,-1.57,,
HFC_31.wav,91.348,78.42,93.71,104.497,78.128,26.368,21.387,57.563,56.447,2.527,22.333899316530086,302.608,440.921,3222.156,303.176,1.583,59.235,7.898,7.5,13.32,375.81,1065.849,1646.497,2237.108,2943.919,3411.638,607.166,28.822,-2.847,,
HFC_32.wav,85.568,90.65,92.65,108.975,71.181,37.794,22.612,52.41,32.526,1.314,24.74895579441012,339.049,765.29,2007.189,302.722,1.902,52.412,7.097,7.385,13.07,413.793,1034.737,1703.204,2212.323,2885.878,3343.959,586.033,29.862,-1.195,,
HFC_33.wav,88.412,73.22,84.79,101.692,73.221,28.471,31.158,87.183,63.564,1.341,47.396497419985415,284.839,373.183,656.906,343.394,1.118,49.67,7.6,6.536,17.2,316.411,1091.267,1688.165,2168.585,2862.002,3291.67,595.052,29.409,-0.899,,
